{
  "wear": 10,
  "gast": {
    "glut": 0.06688731553355287,
    "fev": 0.009555330770588623
  }
}